"V1","V2","V3","V4","V5","V6","V7","V8","V9","V10","Q42","Q43","Q13","Q86","Q129_1","Q129_2","Q129_3","Q129_4","NP_H_1","NP_C_2","Q40","Q41","Q49","Q71","Q56","A1","A2","A3","A4","A5","A6","A7","A8","A9","A10","Q38","Q42.0","Q44","Q46","Q48","Q50","Q2","Q3","Q4","Q79","Q6","Q12_1","Q12_2","Q12_3","Q12_4","Q12_5","Q12_6","Q36","Q38.0","Q35","LocationLatitude","LocationLongitude","LocationAccuracy","A4_rev","A6_rev","A10_rev","warm_pref","condition","single_pix"
"R_0fkwOl135zzWtNP","Default Response Set","Anonymous","","","128.135.213.43","0",2015-01-26 12:39:03,2015-01-26 12:43:57,1,1,"28",1,1,0,0,30.005,0,NA,1,NA,NA,7,"I imagine it would be fairly relaxing. I imagine there would not be any wind so it would be a medium type cold, but not too cold. The ground would probably not be too slippery.",1,3,7,7,3,5,2,2,6,3,2,1,5,5,6,6,8,1,1,20,74,2,NA,NA,NA,1,NA,NA,2,NA,1,"41.780395507812","-87.602699279785","-1",7,8,8,7.2,2,3
"R_02IvLUn7hqHail7","Default Response Set","Anonymous","","","128.135.213.45","0",2015-01-26 12:39:39,2015-01-26 12:44:16,1,2,"28",1,1,0,0,30.043,0,NA,NA,NA,1,6,"There is a tremendous chill in the air.
The ice and water looked amazingly blue.
The ice blocks were really big",1,6,2,7,3,7,2,6,7,6,1,1,3,4,5,4,3,1,1,32,55,1,NA,1,NA,NA,NA,NA,1,1,1,"41.780395507812","-87.602699279785","-1",7,8,9,7.6,2,4
"R_a8IPbC0LMlFpzNP","Default Response Set","Anonymous","","","128.135.213.71","0",2015-01-26 13:45:36,2015-01-26 13:49:49,1,3,"30",1,1,3.121,25.552,30.023,2,1,NA,NA,NA,6,"I imagined that the environment was very harsh and desolate. I thought that life would be extremely unpleasant and I would always be hungry and thirsty in this desert.",1,7,6,6,4,4,6,4,2,NA,6,1,5,3,3,7,3,1,2,19,70,1,NA,1,NA,NA,NA,NA,1,1,1,"41.780395507812","-87.602699279785","-1",6,4,4,4.4,1,1
"R_9B7CewvgEgSJcxv","Default Response Set","Anonymous","","","128.135.213.71","0",2015-01-26 14:28:57,2015-01-26 14:35:34,1,4,"29",1,1,9.74,9.74,30.035,1,NA,NA,1,NA,7,"very hot and exciting. possibly fearful of the immense heat",1,2,NA,5,1,3,1,9,9,5,1,1,7,8,1,7,7,1,2,18,75,1,NA,NA,NA,NA,1,NA,2,NA,1,"41.780395507812","-87.602699279785","-1",9,9,9,8.2,1,2
"R_9HMKSl5sX6WIS0J","Default Response Set","Anonymous","","","128.135.213.72","0",2015-01-26 14:32:21,2015-01-26 14:37:33,1,5,"29",1,1,0,0,30.009,0,NA,1,NA,NA,6,"The environment would be cold. I would be worried about the possibility of slipping on ice that may have formed on the small bridge in the photo. I have my hands in my pocket, as the snow on the railing would not allow me to run my hand along it. I would lso be quiet, but not worrying.",1,8,7,3,3,8,2,8,3,3,7,1,5,6,3,5,6,1,1,19,65,1,NA,NA,1,1,NA,NA,1,1,1,"41.780395507812","-87.602699279785","-1",7,8,3,4.8,2,3
"R_39OpNueugs7viFn","Default Response Set","Anonymous","","","128.135.213.34","0",2015-01-26 14:54:04,2015-01-26 14:59:26,1,7,"29",1,1,0,0,30.004,0,1,NA,NA,NA,4,"If I were to find myself in this environment I feel as if I would be thirsty and hot despite the time of day.  There would be no other animals or humans around me, I would be alone.",1,5,5,9,1,3,6,9,1,2,1,1,7,6,1,6,4,1,2,19,NA,1,NA,NA,NA,1,NA,NA,1,1,1,"41.780395507812","-87.602699279785","-1",9,4,9,6.4,1,1
"R_6YiPWKC4zG9i9eZ","Default Response Set","Anonymous","","","128.135.213.55","0",2015-01-26 15:25:21,2015-01-26 15:29:19,1,8,"29",1,1,0,0,30.037,0,NA,1,NA,NA,8,"It would be brisk, but not too cold. The bridge would be slippery, and the sound of birds chirping would be a peaceful background noise.",1,2,3,5,3,9,1,9,3,1,1,1,4,7,4,5,5,1,2,19,68,1,NA,NA,NA,1,NA,NA,2,NA,1,"41.780395507812","-87.602699279785","-1",7,9,9,6.6,2,3
"R_56Js2QoyJaMSSl7","Default Response Set","Anonymous","","","128.135.213.68","0",2015-01-26 15:31:43,2015-01-26 15:36:46,1,9,"29",1,1,0,0,30.008,0,NA,NA,1,NA,4,"extremely hot; would feel desperation that I would not be able to get out of the fiery pit; even though desperation would be involved, calmness would also be a feeling at a certain point, accepting your condition. The scene seemed very desolate and quiet o me because of the darkness surrounding the pit.",1,8,3,2,3,1,4,3,8,3,1,1,6,9,3,8,3,1,2,18,72,1,NA,NA,NA,1,NA,NA,2,NA,1,"41.780395507812","-87.602699279785","-1",7,6,9,6.4,1,2
"R_b2zLHgwGPF9uTpr","Default Response Set","Anonymous","","","128.135.213.58","0",2015-01-26 15:33:35,2015-01-26 15:37:38,1,10,"29",1,1,28.74,29.24,30.038,2,1,NA,NA,NA,8,"Hot deserted space. I felt lonely. It felt dry and like I was thirsty. It also seemed unwelcoming.",1,1,9,1,9,5,9,9,1,1,9,1,9,9,3,3,3,1,2,26,79,1,NA,NA,NA,NA,1,NA,2,NA,1,"41.780395507812","-87.602699279785","-1",1,1,1,1,1,1
"R_elpivMm6DXpMAGp","Default Response Set","Anonymous","","","128.135.213.72","0",2015-01-26 14:52:58,2015-01-26 15:40:28,1,6,"29",1,1,24.704,24.704,30.009,1,NA,NA,NA,1,8,"I imagined a cold, very snowy place. It was somewhat magical in its natural beauty and lovely in its frigidness.",1,9,3,8,1,1,3,9,8,2,1,1,3,7,6,3,8,1,2,19,67,1,NA,NA,NA,1,NA,NA,2,NA,1,"41.780395507812","-87.602699279785","-1",9,7,9,8.2,2,4
"R_4UyN8GtA8rL8h2R","Default Response Set","Anonymous","","","128.135.213.37","0",2015-01-26 15:34:24,2015-01-26 15:42:18,1,11,"29",1,1,0,0,30.012,0,NA,NA,1,NA,8,"I imagine burning, screaming and reaching desperately for the edges of the ledges to somehow get out.  I imagine having incredible pain, and then being numbed by it since I was completely burned and just being desperate to somehow escape it.",1,8,2,2,3,8,4,3,2,2,7,1,7,4,3,2,7,1,2,44,74,1,NA,NA,NA,1,NA,NA,2,NA,1,"41.780395507812","-87.602699279785","-1",7,6,3,4,1,2
"R_3aSkpzuRcR7rL0h","Default Response Set","Anonymous","","","128.135.213.37","0",2015-01-26 15:43:10,2015-01-26 15:48:01,1,14,"29",1,1,0,0,30.033,0,NA,NA,1,NA,4,"Since the environment depicted in the photo involved lava and because almost every video game ever made incorporates lava in it, I imagined myself to be in a video game.  Specifically, I imagined myself to be on a mission with Samus Aran from Nintendo's Mtroid series.  I thought it to be hot, thrilling, exhilarating, dangerous, but still relaxing.",1,1,1,4,9,9,4,1,5,1,3,1,5,6,3,7,4,1,1,20,73,1,NA,NA,1,NA,NA,NA,1,1,1,"41.780395507812","-87.602699279785","-1",1,6,7,4.6,1,2
"R_0xmylAFHMq5zZwp","Default Response Set","Anonymous","","","128.135.213.72","0",2015-01-26 15:40:30,2015-01-26 15:53:22,1,12,"29",1,1,0,0,30.01,0,NA,1,NA,NA,9,"It would be very calming, quiet and peaceful. It would also probably be very cold.",1,5,2,5,2,1,1,9,1,5,1,1,5,7,9,7,3,1,2,18,70,1,NA,NA,NA,1,NA,NA,2,NA,1,"41.780395507812","-87.602699279785","-1",8,9,9,6.4,2,3
"R_barJt2s7hRCJRqd","Default Response Set","Anonymous","","","128.135.213.72","0",2015-01-26 15:53:25,2015-01-26 15:57:30,1,15,"29",1,1,0,0,30.011,0,NA,1,NA,NA,6,"I imagined the cold on my cheeks while being bundled up. I had positive and even romantic feelings while imagining this environment.",1,2,9,7,3,7,1,2,2,2,2,1,8,3,3,3,7,1,2,20,70,1,NA,1,NA,NA,NA,NA,2,NA,1,"41.780395507812","-87.602699279785","-1",7,9,8,6.6,2,3
"R_cFUeqLijYBkyb09","Default Response Set","Anonymous","","","128.135.213.71","0",2015-01-26 15:40:45,2015-01-26 16:00:00,1,13,"29",1,1,0,0,30.008,0,NA,NA,NA,1,4,"very cold",1,9,9,5,1,1,1,9,1,1,1,1,5,1,7,7,4,1,2,20,74,1,NA,NA,NA,1,NA,NA,2,NA,1,"41.780395507812","-87.602699279785","-1",9,9,9,6.6,2,4
"R_00LosSP14TewZMN","Default Response Set","Anonymous","","","128.135.213.58","0",2015-01-26 16:37:20,2015-01-26 16:43:06,1,17,"28",1,1,4.771,4.771,30.001,1,NA,NA,NA,1,5,"I think it would be a very cool experience, as seeing the giant icebergs remind me of the movie Titanic and other similar ""epic"" feeling experiences. On the other hand, I also mentally felt very cold as I am familiar with how cold it must be in order to bild the ice up to that size.",1,3,9,3,3,9,1,1,8,7,1,1,3,8,5,5,5,1,1,22,45,2,NA,1,NA,NA,NA,NA,2,NA,1,"41.780395507812","-87.602699279785","-1",7,9,9,7.2,2,4
"R_bPZvsOns1HHjOqV","Default Response Set","Anonymous","","","128.135.213.81","0",2015-01-26 16:37:40,2015-01-26 16:43:30,1,18,"28",1,1,0,0,30.017,0,NA,NA,1,NA,7,"I could feel my face getting so hot that I raised my arm to cover it. I could feel the uneven juts of rock pressed against my back as I tried to distance myself from the lava-pit. I could see myself daring to kick a loose stone to try and break the surfac or just see what would happen.",1,8,7,3,4,7,5,2,2,7,4,1,5,6,4,6,4,1,1,21,72,1,NA,NA,1,NA,NA,NA,2,NA,1,"41.780395507812","-87.602699279785","-1",6,5,6,4.4,1,2
"R_0PL4H0duz3Gl7fL","Default Response Set","Anonymous","","","128.135.213.71","0",2015-01-26 16:36:55,2015-01-26 16:47:03,1,16,"28",1,1,0,0,30.006,0,1,NA,NA,NA,6,"It would be really hot and the humidity will be low. My throat will feel really dry and I'll attempt to swallow my own spit in order to satiate my thirst, each swallow being harder than the last. The air I breathe in through my nose burns and mostly contans dust, making my breathing shallow and forcing me to eat sand as I breathe through my mouth instead. My eyes are squinting while I try to shield them from the oncoming sand. My flesh feels raw from being scraped by the sand and burned from the constant eating of the sun. My shoes' soles are being slowly eroded while the rubber is melting onto the dry and hard ground. There is no shade in sight, and when there is, it is already occupied by native inhabitants. I take pleasure in the mixture of sweat and dst on my skin as it offers me some relief against the constant sun and beating wind. My fingernails have dirt underneath them, but any attempt to get it out only pushes it deeper. The sight of mountains in the distance offers me some hope that I will be ale to escape from this nightmare.",1,1,8,1,5,9,8,2,4,1,2,1,5,7,6,8,3,1,1,21,70,1,NA,1,NA,NA,NA,NA,1,1,1,"41.780395507812","-87.602699279785","-1",5,2,8,4,1,1
"R_8zRfqk24r8f0mKp","Default Response Set","Anonymous","","","128.135.213.71","0",2015-01-26 16:48:24,2015-01-26 16:52:50,1,19,"28",1,1,0,0,29.994,0,NA,1,NA,NA,8,"I imagined it'd be rather cold, and I wouldn't have the opportunity to necessarily sit down and experience the environment around me, but I'd like to stand on the bridge and view the forest for as long as I could feel comfortable; it's a beautiful image!",1,1,4,8,3,9,1,7,7,1,5,1,7,7,5,8,4,1,1,19,76,1,NA,NA,NA,1,NA,NA,2,NA,1,"41.780395507812","-87.602699279785","-1",7,9,5,7.2,2,3
"R_4GWm6TNSv4WHGJL","Default Response Set","Anonymous","","","128.135.213.72","0",2015-01-26 17:22:46,2015-01-26 17:26:05,1,20,"28",1,1,0,0,30.003,0,NA,NA,NA,1,5,"Cold, overwhelming, lonely, scary",1,9,3,6,3,6,6,9,2,1,6,1,8,6,1,9,3,1,2,21,65,1,NA,1,NA,NA,1,NA,2,NA,1,"41.780395507812","-87.602699279785","-1",7,4,4,4.6,2,4
"R_1ZYic0RbP5i3Cx7","Default Response Set","Anonymous","","","128.135.213.71","0",2015-01-27 13:45:01,2015-01-27 13:50:30,1,21,"31",1,1,0,0,30.009,0,1,NA,NA,NA,7,"It would be very hard to be in that environment. It is very arid and dry. I would need to find water and food asap. My main thoughts were to get to the hills/mountains in the background for shelter and safety at night",1,3,2,3,3,8,7,8,2,8,3,1,5,7,6,7,4,1,2,20,68,1,1,NA,NA,NA,NA,NA,1,1,1,"41.780395507812","-87.602699279785","-1",7,3,7,4.4,1,1
"R_9twNPp0XL7FBTYp","Default Response Set","Anonymous","","","128.135.213.71","0",2015-01-27 14:39:52,2015-01-27 14:46:36,1,22,"30",1,1,0,0,30.001,0,NA,NA,1,NA,8,"I was standing on the precipice of the crater of the volcano, and the molten lava was swirling below me, at a rate much greater than its viscosity would scientifically allow. I could feel the heat creating beads of sweat on my face and everything behind m was pitch black and everything beyond the crater was pitch black, the only things in existence were me and the crater, and I felt a pulling sensation as if I were meant to fall in.",1,1,4,1,6,7,8,2,1,3,7,1,7,8,3,6,5,1,2,18,70,1,NA,NA,NA,1,NA,NA,1,1,1,"41.780395507812","-87.602699279785","-1",4,2,3,2.2,1,2
"R_4M9PLyksVwwH0GN","Default Response Set","Anonymous","","","128.135.213.71","0",2015-01-27 14:47:34,2015-01-27 14:52:41,1,23,"30",1,1,0,0,30.008,0,1,NA,NA,NA,7,"I imagined it would feel very hot and dry. The ground would be dusty and it would get in your eyes and nose and mouth. I imagined feeling very thirsty and tired.",1,9,1,1,8,1,9,8,1,1,8,1,6,9,1,7,3,1,2,18,68,1,NA,NA,NA,1,NA,NA,2,NA,1,"41.780395507812","-87.602699279785","-1",2,1,2,1.4,1,1
"R_6X8L8FRsvxZlR6R","Default Response Set","Anonymous","","","128.135.213.45","0",2015-01-27 15:01:47,2015-01-27 15:08:37,1,24,"30",1,1,0,0,30.006,0,NA,NA,NA,1,7,"I imagined myself on a small boat, rocking slightly in the waves, passing under the huge ice ""tunnel"" and the changing light as the sun hit the ice crystals from different angles.  I imagined the cold, biting salt smell and the prick of little icy bits tht fell from above.  Mostly I pictured the enormity of this huge ice structure as it towered cold, silent, and unmoved above me.",1,3,9,4,3,6,1,8,8,2,1,1,4,4,6,2,8,1,1,29,78,1,NA,NA,NA,1,NA,NA,1,1,1,"41.780395507812","-87.602699279785","-1",7,9,9,7.4,2,4
"R_01ThA2iOYlKMDg9","Default Response Set","Anonymous","","","128.135.213.45","0",2015-01-27 15:39:09,2015-01-27 15:42:43,1,25,"30",1,1,0,0,30.031,0,NA,1,NA,NA,9,"seemed like a pleasant and calm winter day",1,2,5,5,8,1,8,9,5,2,8,1,5,6,5,6,8,1,1,30,70,1,NA,NA,NA,1,NA,NA,2,NA,1,"41.780395507812","-87.602699279785","-1",2,2,2,3.2,2,3
"R_1zehbMVko7VYrkN","Default Response Set","Anonymous","","","128.135.213.59","0",2015-01-27 15:52:28,2015-01-27 16:00:57,1,26,"30",1,1,0,0,30,0,NA,1,NA,NA,8,"I imagined calming silence and the smell of clean, fresh air and how I would inhale deeply. I would probably kick a pile of snow and run my hands in the snow on the rails of the bridge. I would look over the bridge to see if the water underneath was froze or if there were any animals in it. I imagined snow periodically falling out of the trees. Also that I would be slightly nervous about a car coming around the bend. Overall, I imagined it being very peaceful and quiet.",1,8,8,8,4,4,4,8,1,3,6,1,4,7,6,7,5,1,2,18,65,1,NA,NA,NA,1,NA,NA,1,1,1,"41.780395507812","-87.602699279785","-1",6,6,4,5,2,3
"R_9LlsowAhrMLsXNH","Default Response Set","Anonymous","","","128.135.213.45","0",2015-01-27 16:05:17,2015-01-27 16:10:25,1,27,"30",1,1,0,0,30.007,0,NA,NA,1,NA,6,"I was standing next to the lava pool and throwing sticks and twigs into it while watching it swirl",1,2,5,2,2,8,1,8,1,2,2,1,4,5,6,6,5,1,1,19,68,1,NA,NA,NA,1,NA,NA,1,1,1,"41.780395507812","-87.602699279785","-1",8,9,8,5.6,1,2
"R_9KqLFp0vShup7St","Default Response Set","Anonymous","","","128.135.213.59","0",2015-01-27 16:17:23,2015-01-27 16:20:32,1,28,"30",1,1,0,0,30.001,0,NA,NA,NA,1,4,"I imagined I was on a boat, wearing a coat, moving under the iceberg",1,8,8,8,3,7,3,6,8,2,3,1,4,7,7,8,3,1,1,21,70,1,NA,NA,NA,1,NA,NA,2,NA,1,"41.780395507812","-87.602699279785","-1",7,7,7,7.4,2,4
"R_5bDNSNXrcqAjUmF","Default Response Set","Anonymous","","","128.135.213.79","0",2015-01-27 17:42:37,2015-01-27 17:48:45,1,29,"28",1,1,0,0,29.989,0,1,NA,NA,NA,6,"My mouth would be parched, and my nose threatened by wind-scattered sand.  The arid air would blow heavily against my skin, as I looked upon the desolate mountain. Vultures would be cawing somewhere in the distance.",1,8,7,2,2,2,2,8,8,1,2,1,5,5,7,6,5,1,1,19,NA,1,NA,NA,1,NA,NA,NA,1,1,1,"41.780395507812","-87.602699279785","-1",8,8,8,6.8,1,1
"R_9uiVg9ZTiatGVJX","Default Response Set","Anonymous","","","128.135.213.47","0",2015-01-28 12:33:09,2015-01-28 12:39:09,1,30,"33",1,1,0,0,30.006,0,NA,NA,NA,1,6,"It would probably be very beautiful, but also very cold, and I hoped I was in a boat and not in the ocean itself. It would also be very calm and quiet too, adding to the serenity of the icy landscape.",1,2,9,3,3,7,2,9,3,3,1,1,4,3,2,3,7,1,1,18,68,1,NA,NA,NA,1,NA,NA,1,1,1,"41.780395507812","-87.602699279785","-1",7,8,9,6,2,4
"R_5cpgTUmcD4Wnkbz","Default Response Set","Anonymous","","","128.135.213.47","0",2015-01-28 13:19:57,2015-01-28 13:25:29,1,31,"34",1,1,0,0,30.013,0,NA,1,NA,NA,6,"I imagined it to be very cold, and I was by myself. For some reason, the vision didn't take place in Chicago. It reminded me of the woods that surround my neighborhood. I could see myself being in this environment during the winter. The snow is beautiful.",1,9,4,2,3,9,2,5,1,3,5,1,6,5,1,6,8,1,2,18,NA,1,NA,NA,1,NA,NA,NA,1,1,1,"41.780395507812","-87.602699279785","-1",7,8,5,4.6,2,3
"R_4ZxFMGeoBdjQNud","Default Response Set","Anonymous","","","128.135.213.79","0",2015-01-28 14:20:33,2015-01-28 14:26:52,1,32,"35",1,1,0,0,29.989,0,1,NA,NA,NA,7,"It would feel as if I were in an oven—hot and dry. Every now and then there would be a hot breeze. For every step I took, there would be the crunch of dry ground underneath by feet. The landscape would seem as if it went on forever.",1,6,3,4,3,7,5,7,2,2,1,1,6,6,4,6,4,1,1,19,70,1,NA,NA,NA,1,NA,NA,2,NA,1,"41.780395507812","-87.602699279785","-1",7,5,9,5.4,1,1
"R_eEQ8Wc8o7sbIdet","Default Response Set","Anonymous","","","128.135.213.57","0",2015-01-28 15:00:18,2015-01-28 15:06:07,1,33,"35",1,1,19.976,19.976,30.009,1,NA,NA,1,NA,7,"I wouldn't necessarily be scared, but there would still be an exhilaration that comes from taking a risk.  The environment would be hot and don't imagine there would be very many other people around.",1,7,5,4,3,8,1,8,7,1,1,1,3,7,6,8,4,1,1,19,72,1,NA,NA,NA,1,NA,NA,2,NA,1,"41.780395507812","-87.602699279785","-1",7,9,9,7.2,1,2
"R_d5AROD12lpQapMN","Default Response Set","Anonymous","","","128.135.213.79","0",2015-01-28 16:46:37,2015-01-28 16:52:26,1,34,"34",1,1,0,0,29.99,0,NA,NA,1,NA,7,"I imagined that I would be sweating uncontrollably due to the amount of hear being radiated. I would also be extremely stressed out, fearing that I would fall into the magma and would be clinging on for dear life to the edge in order to prevent this from appening. I would be extremely fearful of the situation  but also in awe of being able to see a sight that not many people would get to see.",1,8,1,1,6,8,6,9,2,2,5,1,7,9,6,8,4,1,1,19,70,1,NA,NA,NA,1,NA,NA,2,NA,1,"41.780395507812","-87.602699279785","-1",4,4,5,3.2,1,2
"R_8IgHQcxRIeX6SOh","Default Response Set","Anonymous","","","128.135.213.59","0",2015-01-29 12:12:22,2015-01-29 12:20:17,1,35,"35",1,1,0,0,30.002,0,NA,NA,NA,1,7,"I would move closets to the natural heat  of the sun gently floating on my bed of sheep skins and flowers that remind of the aroma of a place thats always warm year round ,with cascading waterfalls .",1,1,9,9,1,1,9,9,9,9,1,1,7,4,1,2,9,1,1,54,64,1,1,NA,NA,NA,NA,NA,2,NA,1,"41.780395507812","-87.602699279785","-1",9,1,9,7.4,2,4
"R_1UsaAI9ooDh5HPT","Default Response Set","Anonymous","","","128.135.213.59","0",2015-01-29 15:36:06,2015-01-29 15:38:29,1,36,"35",1,1,NA,NA,NA,NA,NA,1,NA,NA,3,"photo didn't load",1,1,9,9,9,1,1,1,9,1,1,1,9,8,9,6,6,1,2,22,65,1,NA,1,NA,NA,NA,NA,2,NA,1,"41.780395507812","-87.602699279785","-1",1,9,9,7.4,2,3
"R_6JQMi1X8sDhI0mx","Default Response Set","Anonymous","","","128.135.213.71","0",2015-01-29 16:08:39,2015-01-29 16:16:36,1,37,"36",1,1,0,0,30.009,0,1,NA,NA,NA,7,"I was there standing and listening to the wind. I actually could not here anything but the wind. It was very hot, extremely hot. The sun was burning my skin and my eyes. The ground was burning too. I would feel its heat through soles of my shoes. The air as very dry too. I left like thirsty too. with my mouth very dry.",1,7,2,4,6,1,6,2,5,8,NA,1,6,8,7,6,8,1,2,32,75,2,NA,NA,NA,1,NA,NA,2,NA,1,"41.780395507812","-87.602699279785","-1",4,4,NA,4.25,1,1
"R_29z8llEdpcCeSlD","Default Response Set","Anonymous","","","128.135.213.57","0",2015-01-30 12:14:10,2015-01-30 12:18:23,1,38,"28",1,1,NA,NA,NA,NA,NA,1,NA,NA,7,"The environment seems peaceful, but cold (obviously). My first thought was ""Am I properly dressed for this?"" Being in the snow if I were to have a coat, gloves, hat, etc sounds delightful. The dim lighting of the scene seems calming.",1,3,8,7,3,3,3,7,3,7,4,1,6,6,2,6,3,1,2,19,78,2,NA,NA,NA,1,NA,NA,1,1,1,"41.780395507812","-87.602699279785","-1",7,7,6,6,2,3
"R_8A2OiKxxony1vFz","Default Response Set","Anonymous","","","128.135.213.34","0",2015-01-30 12:34:15,2015-01-30 12:37:58,1,40,"28",1,1,0,0,30.039,0,NA,NA,1,NA,6,"I think it would be uncomfortably hot, possibly lethally so if I wasn't wearing special protective gear. The air would be difficult to breathe and full of smoke. I would be sweating and very uncomfortable. I might die if I spent an extended amount of timein that environment.",1,5,1,1,5,8,7,3,3,3,1,1,5,5,2,5,7,1,1,20,80,1,NA,1,NA,NA,NA,NA,2,NA,1,"41.780395507812","-87.602699279785","-1",5,3,9,4.2,1,2
"R_8H22v5ywqWZJ6mN","Default Response Set","Anonymous","","","128.135.213.57","0",2015-01-30 12:33:21,2015-01-30 12:39:17,1,39,"28",1,1,0,0,30.007,0,1,NA,NA,NA,6,"It would be very hot and arid",1,1,1,5,1,5,1,9,2,1,1,1,4,4,3,6,3,1,1,18,45,1,NA,NA,1,NA,NA,NA,2,NA,1,"41.780395507812","-87.602699279785","-1",9,9,9,6.8,1,1
"R_5hgCHku0kWdr1PL","Default Response Set","Anonymous","","","128.135.213.68","0",2015-01-30 12:43:32,2015-01-30 13:02:20,1,41,"28",1,1,NA,NA,NA,NA,NA,NA,NA,1,5,"The surrounding was beautiful and very scenic. It would be cold as I would be high up in the mountains. I imagine I would be hiking or doing some form of adventurous activity and having a lot of fun!",1,2,5,8,5,2,1,2,1,7,1,1,3,4,5,3,8,1,2,20,75,1,NA,NA,NA,NA,1,NA,1,1,1,"41.780395507812","-87.602699279785","-1",5,9,9,6.4,2,4
"R_cSj3IIXCtcrEICN","Default Response Set","Anonymous","","","128.135.213.57","0",2015-01-30 13:05:53,2015-01-30 13:10:33,1,42,"28",1,1,0,0,30.005,0,NA,NA,1,NA,9,"I think that it would be amazing as well as terrifying. I would probably be in awe, like ""I am at the top of a volcano,"" lava is so close to me. I would also be very scared of falling into the lava.",1,9,2,1,1,6,1,1,5,1,6,1,8,5,1,7,7,1,2,20,74,1,1,NA,1,NA,NA,NA,1,1,1,"41.780395507812","-87.602699279785","-1",9,9,4,5.6,1,2
"R_8xhtdlJiWW1qsT3","Default Response Set","Anonymous","","","128.135.213.37","0",2015-01-30 13:24:23,2015-01-30 13:28:54,1,43,"28",1,1,0,0,30.003,0,NA,NA,NA,1,5,"I would be traveling on a boat. I would be dressed in extremely warm clothing and I would probably be studying glaciers.",1,1,1,1,4,5,1,7,1,5,2,1,9,6,1,9,1,1,1,20,70,1,NA,1,NA,NA,NA,NA,1,1,1,"41.780395507812","-87.602699279785","-1",6,9,8,5,2,4
"R_bBkqrjY5oA2HQYB","Default Response Set","Anonymous","","","128.135.213.58","0",2015-01-30 13:42:42,2015-01-30 13:47:31,1,44,"28",1,1,0,0,30.016,0,NA,1,NA,NA,7,"I imagined that it would be quite cold yet beautiful. If there were no cars or any other people around, I would imagine it to be extremely quiet, with the sound of the stream possibly being audible. Also, I would assume the sun to be softly shining throug the branches of the trees and off the snow.",1,2,7,NA,8,2,2,8,2,3,5,1,6,3,7,7,4,1,1,19,77,1,NA,NA,1,NA,NA,NA,1,1,1,"41.780395507812","-87.602699279785","-1",2,8,5,4.25,2,3
"R_5d6UsDqwLRPSwK1","Default Response Set","Anonymous","","","128.135.213.57","0",2015-01-30 13:48:47,2015-01-30 13:59:51,1,45,"28",1,1,0,0,30.034,0,NA,1,NA,NA,9,"The sound would be minimal, having been dampened by the snow. The air would be cold and fresh, but not uncomfortable. I would be wearing my usual get up of a longer coat, gloves, hat, and scarf. I would have the scarf pulled up over my nose, but it would eep falling. I would walk to the center of the bridge and look down over the stream at the ice first and then out into the distance into the woods. I would lean on the railing and get snow on my sleeves that would make me colder, but I would do it anyway.I would stare out into the woods, feeling serene and at peace, potentially contemplating my day or week, but most likely just enjoying the sight. After that I would switch to the other side of the bridge and repeat. My arms would be getting colder from th railing. I would be able to see my breath, and maybe if I was lucky, a rabbit would appear at some point and hop along the edge of the stream. I'd watch him/her until he/she left, and then I'd continue down the path on my walk, having experienced the scee enough.",1,3,9,8,3,3,1,8,7,2,4,1,5,6,1,7,6,1,2,18,70,1,NA,NA,NA,1,NA,NA,1,1,1,"41.780395507812","-87.602699279785","-1",7,9,6,7.4,2,3
"R_eep06ZwuZ18zrOR","Default Response Set","Anonymous","","","128.135.213.57","0",2015-01-30 14:02:12,2015-01-30 14:08:06,1,47,"28",1,1,0,0,30.015,0,NA,NA,1,NA,6,"It would be hot and overwhelming to the senses. My skin would prickle due to the heat, and I would have to avert my eyes from the brightness of the lava, and due to the tears forming in my eyes. The smell would also be quite pungent from the molten rock. he air would be thick and it would be hard to breathe, drying out my throat and nose.",1,NA,3,2,6,5,6,5,3,3,6,1,6,7,6,7,4,1,1,18,72,1,NA,1,NA,NA,NA,NA,1,1,1,"41.780395507812","-87.602699279785","-1",4,4,4,3.4,1,2
"R_56zP4CyvvvEXuEl","Default Response Set","Anonymous","","","128.135.213.37","0",2015-01-30 14:31:59,2015-01-30 14:37:47,1,48,"28",1,1,0,0,30.014,0,NA,NA,NA,1,8,"There was a cold, biting wind but also fresh, slightly moist air that carried the tang of saltwater. I was bobbing slowly on an ice-float, with the cold seeping into my legs but also being calmed by the gentle rocking of the water. The sun was in my eyes s it reflected off the bright snow and yet it formed a glistening image on the underside of the ice as I floated under the bridge.",1,7,8,2,8,5,8,8,3,7,6,1,4,3,3,5,5,1,2,18,75,1,1,NA,NA,NA,NA,NA,1,1,1,"41.780395507812","-87.602699279785","-1",2,2,4,2.6,2,4
"R_2miOrhm5n72Jdkx","Default Response Set","Anonymous","","","128.135.213.34","0",2015-01-30 14:32:27,2015-01-30 14:38:29,1,50,"28",1,1,0,0,30.017,0,1,NA,NA,NA,6,"I imagine that it would be very dry and hot and that I could feel the cracks in the eroded dirt underneath my feet.  I imagined being alone in this deserted area and that I was comfortably warm.",1,1,7,1,2,7,9,9,4,2,8,1,8,6,6,8,3,1,2,18,75,1,NA,NA,1,NA,NA,NA,1,1,1,"41.780395507812","-87.602699279785","-1",8,1,2,3.2,1,1
"R_9RXRyROP7FyY4QZ","Default Response Set","Anonymous","","","128.135.213.57","0",2015-01-30 14:34:02,2015-01-30 14:40:09,1,49,"28",1,1,0,0,30.013,0,1,NA,NA,NA,7,"I would probably be dehydrated and extremely hot. There seems to be no help for miles, so at this point I would on the verge of losing hope of reaching my destination.",1,1,1,1,9,1,1,9,9,1,1,1,7,6,7,7,6,1,1,19,73,2,NA,NA,1,NA,NA,NA,1,1,1,"41.780395507812","-87.602699279785","-1",1,9,9,5.8,1,1
"R_37qFXMutR4APFIh","Default Response Set","Anonymous","","","128.135.213.34","0",2015-01-30 15:09:37,2015-01-30 15:14:19,1,51,"28",1,1,0,0,30.016,0,NA,NA,1,NA,7,"It would be quite hot and uncomfortable. In fact, the experience would likely be fatal. In general, not a situation I want to be in.",1,1,8,1,2,1,7,2,2,8,4,1,7,7,3,6,8,1,1,19,75,1,NA,1,NA,NA,NA,NA,2,NA,1,"41.780395507812","-87.602699279785","-1",8,3,6,4,1,2
"R_6lF0jF7wIE7YKwZ","Default Response Set","Anonymous","","","128.135.213.41","0",2015-01-30 15:09:56,2015-01-30 15:15:29,1,52,"28",1,1,0,0,30.013,0,NA,1,NA,NA,6,"It would be cold, I'd probably be able to see my breath. I figured that if I were to touch the snow or the ground my hands would be wet. I probably be on my way to or from something",1,3,9,9,1,8,4,7,3,1,1,1,5,4,1,2,8,1,2,18,70,1,1,NA,NA,NA,NA,NA,2,NA,1,"41.780395507812","-87.602699279785","-1",9,6,9,7.2,2,3
"R_daJYrZzXtnM2ZuZ","Default Response Set","Anonymous","","","128.135.213.57","0",2015-01-30 15:17:08,2015-01-30 15:23:37,1,53,"28",1,1,14.564,15.47,30.012,2,NA,NA,NA,1,6,"I would be wearing several layers of clothing, including a big fur jacket. I would walk through the space shown and see a polar bear on the other side. I would have some sort of gun, perhaps an AK-47 so that I could kill all the wild animals of the Arctic Then, I would go to my cabin, make a fire, and eat s'mores.",1,6,1,9,7,1,1,1,1,1,1,1,5,5,1,7,3,1,1,20,71,1,NA,NA,1,NA,NA,NA,1,1,1,"41.780395507812","-87.602699279785","-1",3,9,9,6.2,2,4
"R_dcyndsGoBRYbrEx","Default Response Set","Anonymous","","","128.135.213.57","0",2015-01-30 15:32:11,2015-01-30 15:38:11,1,55,"28",1,1,0,0,30.006,0,NA,NA,1,NA,7,"I would be very hot, probably sweating. It would be dark, but the light coming from the magma would hurt my eyes. I would be able to feel the heat coming from the magma and I would probably be a little afraid. Why am I even there in the first place? It wold not be an enjoyable experience.",1,8,4,7,8,8,6,2,2,3,2,1,6,6,7,3,6,1,2,19,76,1,NA,NA,1,NA,NA,NA,1,1,1,"41.780395507812","-87.602699279785","-1",2,4,8,4.6,1,2
"R_af6redmg1FMaV2l","Default Response Set","Anonymous","","","128.135.213.57","0",2015-01-30 16:06:02,2015-01-30 16:10:50,1,56,"28",1,1,0,0,30.035,0,1,NA,NA,NA,9,"It's not hot, as the sun is setting, but the wind is strong.  Dust is constantly in my eyes.  I look around and see nothing but barren desert.  The grass is all dry.  The ground is turned to dust.  It is a lonely place",1,3,1,1,1,9,1,1,1,1,1,1,4,9,9,7,3,1,1,19,73,1,NA,1,NA,1,NA,NA,1,1,1,"41.780395507812","-87.602699279785","-1",9,9,9,5.8,1,1
"R_3JFDNdHfyixldRj","Default Response Set","Anonymous","","","128.135.213.79","0",2015-01-30 16:12:57,2015-01-30 16:16:57,1,57,"27",1,1,0,0,29.99,0,1,NA,NA,NA,6,"I imagined I would be very sad because it seems like there used to be something there at one point but it's gone",1,1,4,9,1,9,1,6,1,1,2,1,5,8,2,6,4,1,2,18,72,1,NA,1,NA,NA,NA,NA,1,1,1,"41.780395507812","-87.602699279785","-1",9,9,8,7.2,1,1
"R_5cnIcwfQ2EUQlaB","Default Response Set","Anonymous","","","128.135.213.57","0",2015-01-30 16:25:12,2015-01-30 16:31:02,1,59,"27",1,1,0,0,30.003,0,NA,NA,1,NA,8,"It would be both terrifying and intriguing. I can imagine that it would be very hot, and that I'd be scared to see the lava rise. In the moment, I would be stunned, or exhilarated.",1,1,8,4,7,7,7,3,NA,8,1,1,8,7,8,7,7,1,2,19,72,2,NA,NA,NA,1,NA,NA,1,1,1,"41.780395507812","-87.602699279785","-1",3,3,9,4.75,1,2
"R_3K7orKkLOMQQiTb","Default Response Set","Anonymous","","","128.135.213.81","0",2015-01-30 16:56:38,2015-01-30 17:00:12,1,60,"26",1,1,0,0,30.034,0,NA,NA,NA,1,7,"A sense of wonder and appreciation of nature, respect of the Earth",1,3,4,5,4,3,7,7,3,2,4,1,6,6,6,7,5,1,1,18,70,1,NA,1,NA,NA,NA,NA,1,1,1,"41.780395507812","-87.602699279785","-1",6,3,6,4.6,2,4
"R_40ythCe1cRv3m4Z","Default Response Set","Anonymous","","","128.135.213.81","0",2015-01-30 17:03:41,2015-01-30 17:11:56,1,61,"26",1,1,0,0,30.003,0,NA,1,NA,NA,8,"I imagined that I was walking toward the bridge and then stopped in the middle of it. I leaned against the railing on the left side overlooking the stream. There were chunks of ice on the stream but in general it was still flowing. I looked around at all he trees and the snow clinging to even the tiniest branches. I'm wearing my grey parka and grey beanie and my half-finger gloves. I can see my breath in the air. After looking out over everything for a few minutes I continue down the path across the bridg with my hands in my pockets taking in everything I see.",1,3,8,7,5,4,3,8,5,5,2,1,4,3,6,4,5,1,2,23,68,1,NA,NA,NA,1,NA,NA,2,NA,1,"41.780395507812","-87.602699279785","-1",5,7,8,6.4,2,3
"R_e2uPXdOkV9raBpz","Default Response Set","Anonymous","","","128.135.213.57","0",2015-01-30 17:11:14,2015-01-30 17:14:29,1,62,"26",1,1,0,0,30.043,0,NA,NA,1,NA,6,"I was very scared as I was imaging myself near a volcano of lava. It was a deathly experience of feeling.",1,3,3,3,8,3,3,3,3,5,3,1,6,6,6,6,6,1,1,18,72,2,NA,1,NA,NA,NA,NA,2,NA,1,"41.780395507812","-87.602699279785","-1",2,7,7,4.4,1,2
"R_0IBlEonkBp1iFx3","Default Response Set","Anonymous","","","128.135.213.57","0",2015-01-30 17:19:18,2015-01-30 17:24:13,1,63,"26",1,1,0,0,30.014,0,NA,1,NA,NA,7,"I imagined that I would be cold even though I was dressed in lots of layers. It was very quiet as there were no animals around because it was so cold. It felt very tranquil and I was appreciative for mother nature. I was also grateful that the path was shveled so my socks would not get wet! I was cautious in case the path was slippery. I could see my breath. I also was reminded how amazing all four seasons truly are and how beautiful winter can be despite the cold.",1,2,8,9,3,1,1,1,8,1,1,1,7,8,8,8,3,1,2,27,70,1,NA,NA,NA,1,NA,NA,1,1,1,"41.780395507812","-87.602699279785","-1",7,9,9,8.4,2,3
"R_0wDeQ2rteNrGB1P","Default Response Set","Anonymous","","","128.135.213.57","0",2015-01-30 17:33:41,2015-01-30 17:39:21,1,64,"26",1,1,0,0,30.016,0,NA,NA,NA,1,6,"Extraordinarily cold; austerely beautiful; lonely; sapping-of-energy (i.e. I would be tired from carrying supplies/trudging through snow or else paddling some sort of watercraft)",1,3,7,5,4,7,4,4,2,3,4,1,5,6,7,3,7,1,2,18,75,1,NA,NA,NA,1,NA,NA,1,1,1,"41.780395507812","-87.602699279785","-1",6,6,6,5,2,4
"R_7OJw6p2JB6ESkK1","Default Response Set","Anonymous","","","128.135.213.42","0",2015-02-02 13:39:32,2015-02-02 13:43:56,1,66,"22",1,1,0,0,30.048,0,1,NA,NA,NA,7,"I would feel in awe at the alien landscape in front of me. Maybe a bit hot and uncomfortable but mostly amazed at this entirely new place. I would feel the ground crunch underneath my feet, and feel the sun's rays falling on me.",1,3,6,1,4,9,3,1,5,6,2,1,5,7,2,7,5,1,1,18,69,1,NA,NA,NA,1,NA,NA,1,1,1,"41.780395507812","-87.602699279785","-1",6,7,8,5.4,1,1
"R_0ePrgxQnDBYWTIN","Default Response Set","Anonymous","","","128.135.213.62","0",2015-02-02 14:26:20,2015-02-02 14:30:45,1,65,"23",1,1,0,0,30.01,0,NA,1,NA,NA,6,"i imagined walking across the bridge, hearing my footsteps crunching the snow. and i imagined myself brushing some of the snow of the railing.",1,1,5,4,1,8,1,3,1,5,1,1,6,2,7,2,7,1,1,19,60,1,1,NA,NA,NA,1,NA,1,1,1,"41.780395507812","-87.602699279785","-1",9,9,9,6.4,2,3
"R_6gjVVHdpXe5ZHUx","Default Response Set","Anonymous","","","128.135.213.72","0",2015-02-02 14:42:08,2015-02-02 14:46:33,1,67,"23",1,1,0,0,30.037,0,1,NA,NA,NA,6,"I would feel the sun beating down on my face, i would feel extremely thirsty, I would feel very lost, and very alone. Also scared of potential wildlife.",1,9,3,1,5,5,7,8,5,9,5,1,6,7,1,3,7,1,2,20,68,1,NA,NA,NA,NA,NA,NA,1,1,1,"41.780395507812","-87.602699279785","-1",5,3,5,3.8,1,1
"R_0OmSXpFapzGpVM9","Default Response Set","Anonymous","","","128.135.213.62","0",2015-02-02 14:45:59,2015-02-02 14:49:02,1,68,"23",1,1,0,0,30.009,0,NA,NA,1,NA,1,"Hot!",1,1,9,9,1,1,1,9,8,1,1,1,3,1,6,5,5,1,2,20,72,1,NA,NA,NA,1,NA,NA,2,NA,1,"41.780395507812","-87.602699279785","-1",9,9,9,8.8,1,2
"R_brRjKzZ5m3jjRC5","Default Response Set","Anonymous","","","128.135.213.72","0",2015-02-02 14:57:07,2015-02-02 15:02:30,1,69,"22",1,1,0,0,30.003,0,NA,NA,NA,1,8,"I imagined that I would frozen solid if I weren't wearing appropriate clothing and protective gear. Literally, a block of solid ice, just like those characters in cartoons. I would be shaking from the cold, teeth chattering, literally freezing second by scond. Then I wondered why I would even be in a place like that. Then I stopped imagining that I'd be there.",1,1,5,1,9,1,5,9,1,5,4,1,5,6,8,8,3,1,2,20,70,1,NA,NA,1,NA,NA,NA,1,1,1,"41.780395507812","-87.602699279785","-1",1,5,6,2.8,2,4
"R_5ceN30edlLvIerj","Default Response Set","Anonymous","","","128.135.213.62","0",2015-02-02 15:00:28,2015-02-02 15:05:30,1,70,"22",1,1,0,0,30.003,0,NA,1,NA,NA,7,"The photo depicted a cold and mysterious environment which seemed moderately creepy, but also enticing because of the bridge and the lack of clarity as to what existed on the other side in the forest.",1,7,2,7,2,9,2,9,8,2,1,1,3,6,2,4,6,1,2,18,70,1,NA,NA,1,1,NA,NA,1,1,1,"41.780395507812","-87.602699279785","-1",8,8,9,8,2,3
"R_eRjSn9j4phh5FDD","Default Response Set","Anonymous","","","128.135.213.62","0",2015-02-02 15:09:32,2015-02-02 15:13:57,1,71,"22",1,1,0,0,30.007,0,NA,NA,NA,1,7,"I imagined being cold, wet, and stranded in the environment of this photo.",1,1,9,9,9,1,1,9,9,1,1,1,7,6,9,2,9,1,1,19,70,1,NA,NA,NA,1,NA,NA,2,NA,1,"41.780395507812","-87.602699279785","-1",1,9,9,7.4,2,4
"R_ehZ3VL3QBraFgAl","Default Response Set","Anonymous","","","128.135.213.72","0",2015-02-02 15:15:52,2015-02-02 15:19:03,1,72,"22",1,1,0,0,30.004,0,NA,NA,1,NA,2,"it would be hot",1,8,2,1,8,8,2,2,2,7,2,1,5,2,2,5,5,1,2,22,68,1,NA,NA,NA,1,NA,NA,2,NA,1,"41.780395507812","-87.602699279785","-1",2,8,8,4.2,1,2
"R_7URMjLiTkdUJq3H","Default Response Set","Anonymous","","","128.135.213.72","0",2015-02-02 15:19:34,2015-02-02 15:22:52,1,73,"22",1,1,0,0,30.013,0,1,NA,NA,NA,6,"hot, no water. Very sad and lonely. Boring. no life other than yourself.",1,1,9,8,1,2,3,2,8,1,1,1,7,5,2,9,4,1,2,19,75,1,NA,NA,NA,1,NA,NA,1,1,1,"41.780395507812","-87.602699279785","-1",9,7,9,8.2,1,1
"R_0etphtRpjJ8cgGp","Default Response Set","Anonymous","","","128.135.213.42","0",2015-02-02 15:22:07,2015-02-02 15:27:35,1,74,"22",1,1,0,0,30.014,0,NA,NA,NA,1,6,"Cold and windy with perhaps some water spray in the air from the waves, a bright sun, and beautiful ice all around",1,5,4,7,1,4,1,5,1,4,1,1,2,4,5,8,7,1,2,21,68,1,NA,NA,NA,1,NA,NA,1,1,1,"41.780395507812","-87.602699279785","-1",9,9,9,7,2,4
"R_diNgzikJVxrVOsJ","Default Response Set","Anonymous","","","128.135.213.62","0",2015-02-02 15:24:31,2015-02-02 15:29:32,1,75,"22",1,1,0,0,30.002,0,NA,1,NA,NA,7,"The weather is cold but not freezing. The wind is still and the sky is overcast. There is minimal noise and is quite peaceful. I'm wearing layers of clothes but my face feels the chill.",1,7,3,3,3,7,2,3,6,4,NA,1,6,6,5,6,5,1,1,19,70,1,NA,1,NA,NA,NA,NA,1,1,1,"41.780395507812","-87.602699279785","-1",7,8,NA,6,2,3
"R_25GlNJ1ps3PjHEN","Default Response Set","Anonymous","","","128.135.213.62","0",2015-02-02 15:50:44,2015-02-02 15:55:22,1,76,"21",1,1,24.781,24.781,30.006,1,NA,NA,1,NA,7,"I imagined it would be very, very hot, and the lava would be bubbling up. The rocks would be really tough to walk around, and I'd probably be scared.",1,8,3,9,1,9,1,7,5,1,1,1,5,7,8,7,5,1,2,18,68,1,NA,1,NA,NA,NA,NA,1,1,1,"41.780395507812","-87.602699279785","-1",9,9,9,8.2,1,2
"R_4ZmRPkshJXDKOJT","Default Response Set","Anonymous","","","128.135.213.62","0",2015-02-02 16:20:41,2015-02-02 16:25:18,1,77,"20",1,1,0,0,30.004,0,1,NA,NA,NA,6,"I imagine it would be very stressful, as there appeared to be no source of water nearby, and the desert stretched for miles in every direction.",1,2,8,3,8,8,8,8,8,2,2,1,7,6,5,7,3,1,2,19,70,1,1,NA,NA,NA,NA,NA,2,NA,1,"41.780395507812","-87.602699279785","-1",2,2,8,4.6,1,1
"R_0Nb4Q8AL6iUhYUd","Default Response Set","Anonymous","","","128.135.213.58","0",2015-01-30 15:22:23,2015-01-30 15:52:07,0,54,"28",1,1,0,0,30.012,0,NA,NA,NA,1,7,"It would be very cold, but tranquil. Only sounds would be of the water and the ice moving in it.",1,3,4,3,4,5,4,6,3,4,6,1,7,5,3,3,6,1,1,18,70,1,NA,NA,1,NA,NA,NA,2,NA,NA,"","","-1",6,6,4,4.4,2,4
"R_5jcQgtmv1Uf1QUZ","Default Response Set","Anonymous","","","128.135.213.76","0",2015-01-30 16:09:31,2015-01-30 16:36:27,0,57,"28",NA,1,NA,NA,NA,NA,NA,1,NA,NA,1,"Cold, quiet, soft",1,2,9,2,7,9,2,2,1,1,1,1,2,9,1,7,5,1,1,21,68,1,NA,1,NA,NA,NA,NA,1,1,NA,"","","-1",3,8,9,4.6,2,3
"R_dhtctkPQSuuXJ7n","Default Response Set","Anonymous","","","128.135.213.62","0",2015-02-05 13:39:50,2015-02-05 13:43:44,1,78,"19",1,1,0,0,30.007,0,NA,NA,NA,1,5,"I imagined I was a polar bear! And swimming in the icy water.",1,5,2,3,1,9,1,7,7,1,1,1,5,7,8,7,2,1,2,20,70,1,NA,NA,NA,1,NA,NA,1,1,1,"41.780395507812","-87.602699279785","-1",9,9,9,7.4,2,4
"R_eLMwWSyJD4jZj3T","Default Response Set","Anonymous","","","128.135.213.62","0",2015-02-05 14:17:12,2015-02-05 14:23:03,1,79,"20",1,1,0,0,30.004,0,NA,NA,1,NA,6,"I imagined that it would be intensely hot.  I also imagined that the ground under my feet would probably feel sharp and bumpy and that I would be cautious to  move not only because of the obvious danger but because of this fact.  There was some difficulty though, in trying to imagine what was obviously a dynamic scene based of of only one snapshot.",1,6,4,8,3,7,1,6,4,6,3,1,6,3,5,3,6,1,1,21,70,1,NA,NA,1,1,NA,NA,1,1,1,"41.780395507812","-87.602699279785","-1",7,9,7,7,1,2
"R_1S7sNEo8c81vHDf","Default Response Set","Anonymous","","","128.135.213.62","0",2015-02-05 14:31:39,2015-02-05 14:35:15,1,80,"20",1,1,NA,NA,NA,NA,NA,1,NA,NA,6,"I imagined a scene from the Twilight Series by Stephenie Meyer where the two characters are standing there.",1,9,9,9,1,9,5,5,1,1,1,1,6,5,7,9,1,1,2,20,70,1,NA,1,NA,NA,NA,NA,1,1,1,"41.780395507812","-87.602699279785","-1",9,5,9,6.6,2,3
"R_cAv12ZFXdH6IFtX","Default Response Set","Anonymous","","","128.135.213.72","0",2015-02-05 15:26:07,2015-02-05 15:32:36,1,81,"20",1,1,0,0,30.002,0,1,NA,NA,NA,5,"I imagined that I would be alone, wandering around. It would be very hot. I depicted myself sweating. When I looked down at what I was wearing, I imagined I had a canteen attached to my belt and I was wearing a green vest and khaki cargo shorts. I looked own at the bones around me and picked one up. I imagined that it was not very bright and the time was probably around evening.",1,1,8,7,2,6,2,9,7,2,1,1,8,7,7,5,6,1,1,21,70,1,NA,NA,NA,1,NA,NA,1,1,1,"41.780395507812","-87.602699279785","-1",8,8,9,7.8,1,1
"R_6mc1zzgva2ITld3","Default Response Set","Anonymous","","","128.135.213.62","0",2015-02-05 15:26:22,2015-02-05 15:33:04,1,82,"20",1,1,0,0,30.011,0,NA,NA,1,NA,4,"I imagined myself on the edge the cliff overlooking the pit of lava.  There was a slight scent of sulfur. I felt afraid of going too close to the edge of the cliff.",1,4,6,5,3,4,3,4,6,7,3,1,6,7,5,7,5,1,1,19,73,2,NA,NA,1,NA,NA,NA,1,1,1,"41.780395507812","-87.602699279785","-1",7,7,7,6.4,1,2
"R_cI9cpGujk9rehXn","Default Response Set","Anonymous","","","128.135.213.62","0",2015-02-05 16:36:25,2015-02-05 16:45:52,1,83,"19",1,1,0,0,30.004,0,NA,NA,NA,1,6,"It would be very cold, and I would hear the ice falling down in sheets. If I touched the snow/ice, it would be soft",1,3,1,9,2,1,2,8,1,5,1,1,4,6,7,4,4,1,2,18,70,1,NA,1,NA,NA,NA,NA,2,NA,1,"41.780395507812","-87.602699279785","-1",8,8,9,7,2,4
"R_8l9wWuQnlzr4fl3","Default Response Set","Anonymous","","","128.135.213.59","0",2015-02-05 16:39:48,2015-02-05 16:45:53,1,84,"19",1,1,0,0,30.001,0,1,NA,NA,NA,6,"There would be wind, the ground would be cracking as I walk. It would be hot and dusty, and I would cough. I would feel alone in this environment, and I would walk towards the hill in the background. I would be alert.",1,8,9,1,3,4,1,9,4,3,3,1,4,6,5,6,5,1,1,19,68,1,NA,NA,NA,1,NA,NA,1,1,1,"41.780395507812","-87.602699279785","-1",7,9,7,5.6,1,1
"R_6zM2PetDaXZIHzf","Default Response Set","Anonymous","","","128.135.213.62","0",2015-02-05 16:54:04,2015-02-05 17:00:35,1,85,"17",1,1,0,0,30.003,0,NA,1,NA,NA,9,"It would be cold, but not too cold, and we would be moving.  My dog would be just out of sight around the corner, and I would probably call to him in a second.  It would be completely beautiful, and very quiet, except for the sound of the water.  We'd proably be walking back to make it out of the woods before the sun went down.  I might stop and smoke a cigarette on the bridge, without taking my gloves off, and just listen to the sound of the water for a minute.",1,1,1,9,1,3,3,9,4,1,2,1,3,8,6,7,9,1,2,23,65,1,NA,NA,NA,1,NA,NA,2,NA,1,"41.780395507812","-87.602699279785","-1",9,7,8,7.4,2,3
"R_54nCFGJTvuEp1gF","Default Response Set","Anonymous","","","128.135.213.62","0",2015-02-05 17:33:17,2015-02-05 17:40:16,1,86,"15",1,1,0,0,30.007,0,NA,NA,NA,1,7,"I was floating along on a sheet of ice, curled up so that the freezing water wasn't touching me. I looked up and I saw the sun; it was blinding against the white snow and ice. I had to squint and raise my hand to see my surroundings. The current brought m over to the iceberg, which I reached out to touch with my right hand. It was softer than I thought it would be because it was covered in a layer of snow.",1,9,1,8,3,1,9,5,1,3,4,1,3,7,6,7,3,1,2,21,68,1,NA,NA,NA,1,NA,NA,1,1,1,"41.780395507812","-87.602699279785","-1",7,1,6,4.6,2,4
"R_etCERUNzPXgWyQl","Default Response Set","Anonymous","","","128.135.213.72","0",2015-02-06 12:23:50,2015-02-06 12:30:13,1,87,"28",1,1,0,0,30.007,0,1,NA,NA,NA,7,"If would be physically demanding. I would need to find food, water and shelter.",1,1,1,9,3,9,9,2,3,1,5,1,7,7,4,1,9,1,1,33,70,1,1,NA,NA,NA,NA,NA,1,1,1,"41.780395507812","-87.602699279785","-1",7,1,5,5,1,1
"R_2tcG2GHprMhCfZz","Default Response Set","Anonymous","","","128.135.213.72","0",2015-02-06 12:40:04,2015-02-06 12:45:00,1,88,"28",1,1,0,0,30.007,0,NA,1,NA,NA,6," I would be trudging through the snow in my boots and I imagined that it would be very cold.",1,9,9,7,6,9,4,7,5,9,2,1,4,3,6,6,5,1,2,18,70,1,NA,1,NA,NA,NA,NA,1,1,1,"41.780395507812","-87.602699279785","-1",4,6,8,6,2,3
"R_9MIDpdbd9Ahzgwd","Default Response Set","Anonymous","","","128.135.213.72","0",2015-02-06 13:21:30,2015-02-06 13:26:49,1,89,"28",1,1,0,0,30.004,0,NA,NA,1,NA,9,"I could imagine myself feeling very hot and very excited, perhaps scared or anxious too.",1,9,9,9,8,9,1,1,1,9,2,1,5,7,3,6,5,1,1,20,72,2,NA,NA,NA,NA,1,NA,1,1,1,"41.780395507812","-87.602699279785","-1",2,9,8,5.8,1,2
"R_9SLd22jN78vAaJD","Default Response Set","Anonymous","","","128.135.213.79","0",2015-02-06 13:24:16,2015-02-06 13:40:18,1,90,"29",1,1,0,0,29.988,0,NA,NA,NA,1,7,"Really cold. I imagined myself trying really hard to not be touching the water, so I was basically standing on that one smaller piece of ice.",1,2,3,1,1,9,1,9,1,1,1,1,4,9,8,7,4,1,2,20,65,1,NA,NA,NA,NA,1,NA,2,NA,1,"41.780395507812","-87.602699279785","-1",9,9,9,5.8,2,4
"R_dcBSezfS6tDcb8V","Default Response Set","Anonymous","","","128.135.213.72","0",2015-02-06 13:43:38,2015-02-06 13:47:39,1,91,"30",1,1,0.196,0.884,30.006,2,NA,NA,1,NA,5,"I felt as if it would be incredibly anxious and uncomfortable.  The heat would be overpowering, and the darkness and lack of apparent exit would make me nervous and claustrophobic.",1,3,4,2,6,4,6,2,1,4,5,1,6,9,4,6,7,1,1,19,65,1,NA,NA,NA,1,NA,NA,2,NA,1,"41.780395507812","-87.602699279785","-1",4,4,5,3.2,1,2
"R_a8Zl0jegiVSOMKN","Default Response Set","Anonymous","","","128.135.213.72","0",2015-02-06 13:51:15,2015-02-06 13:54:52,1,92,"30",1,1,16.555,16.555,30.003,1,NA,1,NA,NA,6,"It felt very serene, cold, magical. I imagined it to be completely silent and perhaps I was in a remote area away from any city.",1,2,1,2,9,9,1,8,2,1,1,1,5,6,3,7,3,1,2,19,70,2,NA,1,NA,NA,NA,NA,2,NA,1,"41.780395507812","-87.602699279785","-1",1,9,9,4.6,2,3
"R_9miQv2rUnJOeUPX","Default Response Set","Anonymous","","","128.135.213.47","0",2015-02-06 14:02:45,2015-02-06 14:08:21,1,95,"30",1,1,NA,NA,NA,NA,1,NA,NA,NA,5,"I was immersed in the environment, I found it very easy to imagine myself being there.",1,1,5,5,2,1,4,9,8,3,1,1,4,3,6,7,4,1,1,19,60,1,NA,NA,NA,1,NA,NA,1,1,1,"41.780395507812","-87.602699279785","-1",8,6,9,7.2,1,1
"R_71cvT36YY0HcIlL","Default Response Set","Anonymous","","","128.135.213.43","0",2015-02-06 14:02:41,2015-02-06 14:08:33,1,96,"30",1,1,0,0,30.006,0,NA,1,NA,NA,6,"It would be peaceful and relaxing, and probably a little bit chilly.",1,9,4,8,2,9,5,9,1,1,4,1,7,7,7,7,5,1,2,18,70,1,NA,NA,NA,1,NA,NA,1,1,1,"41.780395507812","-87.602699279785","-1",8,5,6,5.6,2,3
"R_5tDlaKfqfvAFsJn","Default Response Set","Anonymous","","","128.135.213.42","0",2015-02-06 14:02:49,2015-02-06 14:08:34,1,94,"30",1,1,24.275,24.275,30.001,1,NA,NA,1,NA,6,"It would be a sweltering and painful experience; I would be the midst of the lava and nature being powerful and terrifying. I would probably die, but I imagined the whole thing to be somewhat like Lord Of The Rings.",1,7,1,1,5,8,7,5,1,2,4,1,6,6,4,7,4,1,2,19,62,1,NA,1,NA,NA,NA,NA,1,1,1,"41.780395507812","-87.602699279785","-1",5,3,6,3.2,1,2
"R_6DLBOHRFejtR8qh","Default Response Set","Anonymous","","","128.135.213.42","0",2015-02-06 14:09:46,2015-02-06 14:15:05,1,97,"30",1,1,0,0,30.007,0,1,NA,NA,NA,7,"It would be extremely hot and dry. I would imagine the wind blowing past me. I would most likely be searching for water, because of the arid desert atmosphere. The sun would be glaring down on me as it bakes the ground.",1,3,8,2,7,3,8,9,2,3,6,1,6,7,3,7,6,1,1,19,75,1,NA,1,NA,1,NA,NA,1,1,1,"41.780395507812","-87.602699279785","-1",3,2,4,2.6,1,1
"R_06guibZDSR8CwkZ","Default Response Set","Anonymous","","","128.135.213.43","0",2015-02-06 14:10:02,2015-02-06 14:15:34,1,98,"30",1,1,0,0,30.012,0,NA,NA,NA,1,5,"I was on a tour boat. There was a cool breeze and only the sound of the water crashing up against the boat. I was dressed in heavy winter attire, yet the sun was shinning high and keeping me warm.",1,8,3,3,8,3,8,3,8,8,9,1,7,8,3,3,8,1,2,18,75,1,1,NA,NA,NA,NA,NA,1,1,1,"41.780395507812","-87.602699279785","-1",2,2,1,3.2,2,4
"R_0CjUH3eKtAPyCbz","Default Response Set","Anonymous","","","128.135.213.43","0",2015-02-06 14:16:20,2015-02-06 14:20:28,1,101,"30",1,1,0,0,30.01,0,NA,NA,NA,1,7,"It would be cold and freezing. I can imagine myself in awe at the ice hill thing, but also being terrified that we might hit it. I would be excited because it's so blue and beautiful there. Mainly I feel like I would be really cold though.",1,9,1,1,1,9,1,1,2,2,1,1,5,7,7,6,5,1,2,19,70,2,NA,1,NA,NA,NA,NA,1,1,1,"41.780395507812","-87.602699279785","-1",9,9,9,6,2,4
"R_egs1BoTyM73oFRX","Default Response Set","Anonymous","","","128.135.213.42","0",2015-02-06 14:16:01,2015-02-06 14:22:00,1,99,"30",1,1,0,0,30.002,0,NA,1,NA,NA,7,"I would feel cold, but would be in awe and would appreciate my surroundings and the environment's beauty. In some ways I would be isolated, but I wouldn't feel negatively about it. I would be comfortable exploring my surroundings, while remaining on the pth. I would be listening to the water, trying to see if I could hear it move, despite it being freezing. I would also look for animals moving around, if any.",1,3,8,9,2,8,1,8,8,2,1,1,4,9,3,7,3,1,2,18,70,1,NA,NA,1,NA,NA,NA,1,1,1,"41.780395507812","-87.602699279785","-1",8,9,9,8.6,2,3
"R_9KnphEZfF2rcbu5","Default Response Set","Anonymous","","","128.135.213.47","0",2015-02-06 14:16:10,2015-02-06 14:22:02,1,100,"30",1,1,8.493,9.4,30.01,2,NA,NA,1,NA,7,"It would be extremely hot, and probably very uncomfortable. The heat would be intense my face and body by standing next to it, and the noxious smoke from the lava would burn my lungs.",1,8,8,2,2,2,2,8,2,8,2,1,5,4,6,7,4,1,1,19,68,1,NA,NA,NA,1,NA,NA,1,1,1,"41.780395507812","-87.602699279785","-1",8,8,8,5.6,1,2
"R_cD52ZQyiMLQsqCF","Default Response Set","Anonymous","","","128.135.213.79","0",2015-02-06 14:21:02,2015-02-06 14:27:29,1,102,"30",1,1,0,0,29.989,0,NA,NA,NA,1,6,"I found an island of ice to stand on, and then became accustomed to the frigid air. The water looked thick and blue, the sky was clear, and the world around me was generally very quiet - no sign of life could be detected besides myself.",1,1,6,7,3,3,3,9,8,6,1,1,5,2,2,7,5,1,1,20,68,1,NA,NA,NA,1,NA,NA,2,NA,1,"41.780395507812","-87.602699279785","-1",7,7,9,7.6,2,4
"R_cXXOSyyq9oshg2h","Default Response Set","Anonymous","","","128.135.213.62","0",2015-02-06 15:51:03,2015-02-06 16:29:02,1,103,"32",1,1,0,0,30.005,0,1,NA,NA,NA,6,"I imagined it would be hot and barren. I would feel hardened and alone and walk slowly, tiptoeing as to not burn the soles of my feet. It seemed endless and hopeless.",1,9,2,2,5,3,3,1,1,1,3,1,5,9,3,4,6,1,2,23,68,1,1,NA,NA,NA,NA,1,2,NA,1,"41.780395507812","-87.602699279785","-1",5,7,7,4.4,1,1
"R_6sPWNaeCVqcjQCp","Default Response Set","Anonymous","","","128.135.213.62","0",2015-02-06 16:29:08,2015-02-06 16:33:50,1,104,"33",1,1,0,0,30.001,0,NA,NA,1,NA,7,"It is hot and I keep sweating. I could fall in easily if I fell or leaned too forward. There is not much room to back up so I do not fall down. Looking up, I imagine I am in a volcano, so there is an opening on the top. However, there is no way for me to limb out of the volcano because there is nothing to step on and because I could easily fall in the lava.",1,7,3,4,7,7,3,7,3,4,4,1,5,7,5,7,3,1,2,18,70,1,NA,1,NA,NA,NA,NA,2,NA,1,"41.780395507812","-87.602699279785","-1",3,7,6,4.6,1,2
"R_5omUYL5roC90sTP","Default Response Set","Anonymous","","","128.135.213.62","0",2015-02-06 17:04:47,2015-02-06 17:19:00,1,105,"33",1,1,0,0,30.008,0,NA,1,NA,NA,8,"Perhaps it is due to the rather frigid Chicago temperatures, but I could imagine feeling a general sense of cold pervading my senses. I also imagined walking with great caution due to the rampant ice and hearing the crack of ice and snow beneath my boots.",1,9,9,1,1,9,1,1,9,1,2,1,9,6,1,2,8,1,1,20,NA,1,NA,1,NA,NA,NA,NA,1,1,1,"41.780395507812","-87.602699279785","-1",9,9,8,7.2,2,3
"R_3xXPM9vjTiyI3Pv","Default Response Set","Anonymous","","","128.135.213.62","0",2015-02-06 17:19:03,2015-02-06 17:25:30,1,106,"30",1,1,0,0,30.001,0,NA,NA,1,NA,4,"If I were in the environment depicted, then I would be at awe very much so. There would be excitement simply because of the location, however there would also be a significant amount of fear and nervousness because of the dangers present in the environmen.",1,2,1,1,3,8,1,2,1,1,5,1,6,7,6,9,4,1,2,18,71,1,NA,NA,1,NA,NA,NA,1,1,1,"41.780395507812","-87.602699279785","-1",7,9,5,4.6,1,2
"R_3POJX73oI0bDW7P","Default Response Set","Anonymous","","","128.135.213.62","0",2015-02-06 17:44:23,2015-02-06 17:48:31,1,107,"30",1,1,0,0,30.006,0,NA,NA,NA,1,6,"Cold. Quiet. Relaxed. Close to nature.",1,7,5,8,2,9,2,8,1,4,3,1,6,5,6,7,8,1,2,25,76,2,NA,1,NA,NA,NA,NA,2,NA,1,"41.780395507812","-87.602699279785","-1",8,8,7,6.4,2,4
"R_79Qp9SiNnyAcxk9","Default Response Set","Anonymous","","","128.135.213.47","0",2015-02-09 12:33:38,2015-02-09 12:38:01,1,108,"28",1,1,0,0,30.026,0,1,NA,NA,NA,8,"It would be dry, hot, and the sun would be beating down on my head. It would smell like dried grass and if I touched the ground it would crumble in my hands",1,1,9,3,1,9,2,9,8,5,1,1,5,7,8,6,4,1,2,18,75,1,NA,1,NA,NA,NA,NA,1,1,1,"41.780395507812","-87.602699279785","-1",9,8,9,7.4,1,1
"R_b9jtvovKuxmSmVf","Default Response Set","Anonymous","","","128.135.213.72","0",2015-02-06 13:57:05,2015-02-09 12:42:33,1,93,"30",1,1,0,0,30.002,0,1,NA,NA,NA,3,"Smell - hot, dry, dusty. I keeled down next to the bones, and pebbles dug into my knees and the top of my feet. they were smooth. Walking over the land, the ground is hot and rough, but not wholly unpleasant, as it gives your feet something to hold onto ad the dust gets between your toes. The sun is to the left, it is near evening, but still very warm. i don't know why I''m going there, but I'm walking around, maybe with the goal of reaching the mountains maybe just to explore/pass time because I live nea here and this is the usual business. It' pleasant and peaceful even though it would be inhospitable to stay very long. I feel I could spend the evening there.",1,5,9,3,9,4,1,9,9,5,1,1,2,5,4,4,6,1,2,18,50,1,1,NA,NA,NA,NA,NA,1,1,1,"41.780395507812","-87.602699279785","-1",1,9,9,6.2,1,1
"R_2ghQjqAkpMIUM5f","Default Response Set","Anonymous","","","128.135.213.55","0",2015-02-09 12:42:40,2015-02-09 12:46:21,1,109,"28",1,1,NA,NA,NA,NA,NA,1,NA,NA,7,"I imagine it would be a really fun and new experience for me, as I have never been in a situation like that before.",1,5,1,9,2,9,1,8,5,1,1,1,4,2,7,9,7,1,2,24,68,1,NA,NA,NA,1,NA,NA,1,1,1,"41.780395507812","-87.602699279785","-1",8,9,9,8,2,3
"R_cNP44kbyR6SUnfD","Default Response Set","Anonymous","","","128.135.213.47","0",2015-02-09 13:03:15,2015-02-09 13:08:43,1,110,"28",1,1,0,0,30.003,0,NA,NA,NA,1,8,"I imagined being on a kayaking trip with my friend in Alaska. We were kayaking with her and found that spot. It felt very pleasant.",1,7,5,9,3,1,3,8,9,2,1,1,7,8,6,2,8,1,2,23,71,2,NA,NA,NA,NA,1,NA,2,NA,1,"41.780395507812","-87.602699279785","-1",7,7,9,8.2,2,4
"R_bPBU29l56cMh11b","Default Response Set","Anonymous","","","128.135.213.47","0",2015-02-09 13:34:30,2015-02-09 13:43:12,1,111,"29",1,1,0,0,30.006,0,NA,NA,1,NA,6,"I would be scared and nervous about falling in to the lava pit but at the same time awe-struck and in amazement. I wouldn't stand to close to the edge and I wouldn't lean over the rock pit too far for fear of falling in. It would be hot and I imagine if Iheld my hand over the edge to long, it would become uncomfortably hot.",1,2,9,7,3,2,1,9,8,4,1,1,7,6,8,5,5,1,1,22,72,1,NA,NA,NA,1,NA,NA,1,1,1,"41.780395507812","-87.602699279785","-1",7,9,9,8,1,2
"R_9GiIYPHQitvEMNn","Default Response Set","Anonymous","","","128.135.213.55","0",2015-02-09 14:38:03,2015-02-09 14:42:59,1,112,"29",1,1,0,0,30.046,0,1,NA,NA,NA,6,"I am walking in the desert tired and alone. I am very thirsty, but there is no water for me to drink.",1,9,5,1,1,5,9,9,7,1,1,1,6,5,7,7,5,1,2,20,60,1,1,NA,NA,NA,NA,NA,1,1,1,"41.780395507812","-87.602699279785","-1",9,1,9,5.4,1,1
"R_bHrNA3nohMvzvYF","Default Response Set","Anonymous","","","128.135.213.55","0",2015-02-09 14:47:04,2015-02-09 14:51:57,1,113,"29",1,1,0,0,30.004,0,NA,1,NA,NA,5,"The weather cold, wind blowing through the trees causing them to whistle and shed the snow of their branches. Apart from the wind, it would be silent.",1,1,5,8,7,7,5,5,5,3,6,1,5,3,3,4,7,1,1,20,68,1,NA,NA,NA,NA,1,NA,2,NA,1,"41.780395507812","-87.602699279785","-1",3,5,4,5,2,3
"R_6y4VFBSObkyjd1b","Default Response Set","Anonymous","","","128.135.213.55","0",2015-02-09 15:00:08,2015-02-09 15:05:59,1,114,"29",1,1,0,0,30.012,0,1,NA,NA,NA,6,"It seemed like a hot arid environment. I imaged being anxious thinking that there would be a sand storm coming. I could see the winds pick up in front of me as the sweat rolled off my cheeks.",1,9,2,2,5,5,1,9,1,2,2,1,7,6,4,6,7,1,1,18,74,1,NA,NA,1,NA,NA,NA,2,NA,1,"41.780395507812","-87.602699279785","-1",5,9,8,5,1,1
"R_9ty63zaKxr2aSIl","Default Response Set","Anonymous","","","128.135.213.55","0",2015-02-09 15:12:16,2015-02-09 15:16:20,1,115,"29",1,1,0,0,30.009,0,NA,NA,1,NA,8,"I would be sweating, which would make me very uncomfortable to begin with. I would have a lot of trepidation about falling into the lava pool, so I would be careful to stay as far away as possible and walk very carefully when I was near the perimeter. Oveall, I would feel a desire to escape the environment.",1,6,4,4,3,9,9,2,1,6,5,1,7,8,6,5,4,1,1,18,71,1,NA,NA,NA,1,NA,NA,1,1,1,"41.780395507812","-87.602699279785","-1",7,1,5,3.6,1,2
"R_0HC3xQaDHTSklAp","Default Response Set","Anonymous","","","128.135.213.55","0",2015-02-09 15:17:23,2015-02-09 15:22:32,1,116,"29",1,1,0,0,30.015,0,NA,1,NA,NA,6,"cold, crisp/fresh air, peaceful, natural noises eg the river under the bridge, birds/animals",1,9,1,1,8,8,4,9,1,1,1,1,4,3,7,7,4,1,1,19,70,1,NA,NA,NA,NA,1,NA,1,1,1,"41.780395507812","-87.602699279785","-1",2,6,9,3.8,2,3
"R_eUI2YCbRPoHYFHD","Default Response Set","Anonymous","","","128.135.213.45","0",2015-02-09 15:19:15,2015-02-09 15:23:15,1,117,"29",1,1,0.04,0.04,30.01,1,NA,NA,NA,1,8,"It would be cold, but the cold wouldn't really bother me because the blue and white of the ice would be so beautiful, I'd be more focused on that then the physical feeling of coldness.",1,9,2,8,2,6,2,9,9,3,1,1,7,5,7,9,4,1,2,10,65,1,NA,1,NA,NA,NA,NA,1,1,1,"41.780395507812","-87.602699279785","-1",8,8,9,8.4,2,4
"R_0ID2DWkxygRDPXn","Default Response Set","Anonymous","","","128.135.213.41","0",2015-02-09 15:21:23,2015-02-09 15:26:01,1,118,"29",1,1,0,0,30.01,0,NA,NA,NA,1,7,"I imagined myself in this scene in a very etheral way. Even though there's lots of ice in the environment I imagined myself in  a swimsuit under the tunnel kind of sinking in the water, and not feeling the cold but taking in the bright, white and blue colrs. There was no temperature correlation for me.",1,8,1,2,2,5,2,3,7,3,3,1,4,7,4,5,5,1,2,18,75,1,1,NA,NA,NA,NA,NA,1,1,1,"41.780395507812","-87.602699279785","-1",8,8,7,6.4,2,4
"R_39FPZ7VVQUnM5Eh","Default Response Set","Anonymous","","","128.135.213.41","0",2015-02-09 15:28:17,2015-02-09 15:34:32,1,119,"29",1,1,14.746,16.246,30.009,3,NA,1,NA,NA,6,"In the environment exposed in the picture, I felt cold and heard the soft steps when I walked. The air was fresh and cold. I could also hear the water flowing down in the river.",1,1,2,9,2,9,1,9,9,2,1,1,2,8,2,7,3,1,1,24,55,2,NA,NA,1,NA,NA,NA,1,1,1,"41.780395507812","-87.602699279785","-1",8,9,9,8.8,2,3
"R_6FQ2L48yiLXLIMt","Default Response Set","Anonymous","","","128.135.213.55","0",2015-02-09 15:40:32,2015-02-09 15:46:45,1,120,"29",1,1,0,0,30.005,0,NA,NA,1,NA,6,"I would be situated at the edge of a volcano that is on the verge of erupting. The heat emanating from the volcano would be searing and overwhelming, and the sounds of the molten lava would be ominous and threatening.",1,4,7,4,4,3,4,6,4,4,3,1,6,4,6,4,6,1,1,22,70,1,NA,NA,NA,1,NA,NA,1,1,1,"41.780395507812","-87.602699279785","-1",6,6,7,5.4,1,2
